type,population,percent
Metropolitian,2399457,9.05643298700742
Sub-metro,1556513,5.87485238447944
Muncipality,12567330,47.4337243678915
Gaupalika,9730528,36.726590541193
Institutional,240676,0.908399719428603
